lon,lat
-122.286865,38.2975381
168.4378583,-45.92950219999999
-74.5014563,45.9682954
-93.2018908,45.0655212
-73.1238609,45.5205812
-108.0091918,53.3735933
8.675277,9.081999
77.5945627,12.9715987
148.2262176,-20.0014803
-89.6553876,39.7984623
37.906193,-0.023559
-88.7878678,43.7844397
77.96244349999999,9.5680116
-79.7625625,34.1954331
-83.0269067,40.0030112
-155.5827818,19.8967662
28.2292712,-25.7478676
-2.198083,51.0046
91.7362365,26.1445169
-121.7405167,38.5449065
-74.0404175,41.0025975
-0.4534691,50.946973
-0.1277583,51.5073509
-122.6750261,45.5051064
-90.4973286,36.0584021
-105.084423,40.5852602
-1.9011329,52.6662774
-97.01500779999999,32.9545687
-78.31974699999999,44.309058
-78.1677363,43.9593373
78.18283079999999,26.2182871
-123.8043727,48.7530991
74.6179346,15.2494813
-0.1230681,51.4571477
-120.7401385,47.7510741
-79.3831843,43.653226
13.1910073,55.7046601
-78.1633341,39.1856597
-0.1248092,51.4994794
-99.9018131,31.9685988
-85.0322444,33.0362218
-89.3985283,40.6331249
142.8100364,-38.07552159999999
-73.9441579,40.6781784
-82.90712300000001,40.4172871
77.2090212,28.6139391
-90.30994969999999,29.9563791
-0.3548294,51.809346
-101.0020119,47.5514926
138.6689697,-35.5032052
-117.9897058,33.7591757
-1.383801,54.906869
-70.6692655,-33.4488897
-110.9747108,32.2226066
-122.1416885,52.1416736
-81.2452768,42.9849233
-104.5230242,33.3942655
11.2558136,43.7695604
73.87998050000002,29.9093759
84.3962535,26.1689087
-2.094278,57.149717
-1.6760691,7.9559247
78.486671,17.385044
-6.044588999999999,52.9808207
75.8577258,22.7195687
-86.39777350000001,39.8433769
-114.7420408,44.0682019
-77.4874416,39.0437567
-73.9712488,40.7830603
-77.1945247,41.2033216
-96.5952703,32.9762327
-112.0740373,33.4483771
-94.81912849999999,38.8813958
-93.6249593,41.5868353
-157.9733333,21.3972222
-86.0688811,40.7536528
-80.2644254,43.1393867
-117.9988026,33.6594835
-98.4842465,39.011902
-97.678896,30.5082551
-97.7430608,30.267153
-81.5157535,27.6648274
-93.097702,41.8780025
-71.0661653,42.2495321
-89.3725796,38.6103264
-118.7797571,34.0259216
-77.2016062,39.1439689
9.7372649,49.1124645
-100.167611,40.910635
-73.5514908,45.5089549
-73.567256,45.5016889
2.0959429,41.3120158
-94.6858998,46.729553
-116.2023137,43.6150186
-114.3636619,43.6807402
-4.2026458,56.49067119999999
-0.300689,51.41233
-89.03177649999999,42.5083482
-91.8318334,35.20105
-119.4179324,36.778261
-77.0469214,38.8048355
-73.7948516,40.7282239
78.96288,20.593684
-101.6991921,49.577077
2.868337,49.834103
-117.1313314,55.7231344
-6.2047205,53.2602149
-93.2650108,44.977753
-117.1610838,32.715738
-97.092877,35.0077519
-87.4058525,39.0953199
-82.32482619999999,29.6516344
-0.1425516,51.5390261
-86.25198979999999,41.6763545
-88.1361888,42.1539141
-1.291693,51.8450794
-87.6297982,41.8781136
-122.2496863,47.7583576
-79.9414266,37.2709704
-96.82467319999999,32.8028764
-79.7919754,36.0726354
-120.5542012,43.8041334
-88.43646059999999,42.7651704
-82.5369872,28.4831682
-105.7820674,39.5500507
32.5825197,0.3475964
-1.822817,53.925486
-96.39774419999999,30.1668828
-4.7793835,37.8881751
-0.9847131999999998,50.8518324
-93.1852411,44.9848919
-106.6700458,52.1332144
-157.8583333,21.3069444
-97.92977429999999,38.0608445
-84.2700179,37.8393332
-77.8600012,40.7933949
-75.867482,45.5401738
138.464,-35.391
-86.5804473,35.5174913
-77.35700279999999,38.9586307
7.9974374,44.6126583
5.898713900000001,5.5324624
-91.73368459999999,35.2468204
-86.1349019,40.2671941
76.085601,29.0587757
-1.3100395,53.1067668
-122.5133117,37.5274401
-84.5120196,39.1031182
-122.8013771,45.4888761
-72.2763046,-35.589943
114.1706884,22.3116028
-123.2041429,39.2652491
-78.6568942,37.4315734
-69.4454689,45.253783
-111.9400054,33.4255104
-118.2436849,34.0522342
-90.0489801,35.1495343
-117.435048,34.0922335
-80.5882803,43.8977358
-75.52766989999999,38.9108325
-80.5882803,44.1243696
-80.24816659999999,43.5448048
-1.912358,53.867795
NA,NA
-93.0899578,44.9537029
-85.5800022,42.2011538
-1.559458,54.52361
-96.79698789999999,32.7766642
-82.3940104,34.85261759999999
-81.4359192,26.4607635
-92.28959479999999,34.7464809
-84.3738386,40.35143679999999
-74.129032,41.0414857
153.2882876,-28.8093154
5.776755,43.203551
-113.4938229,53.5461245
-107.7971722,50.285069
-97.61142369999999,38.8402805
-2.0191706,51.67479489999999
-0.1817824,51.4570716
-3.435973,55.378051
-7.953837799999999,32.2359364
-3.6065848,36.9800692
-122.8755949,42.3265152
-4.836456,50.516654
146.921099,-31.2532183
-105.937799,35.6869752
-1.890401,52.48624299999999
6.0342695,51.13916649999999
-71.4774291,41.5800945
-75.8069082,40.0010204
-101.262146,49.179644
-90.54623389999999,38.5950532
77.17340329999999,31.1048145
-111.3157393,56.51873330000001
-85.60236429999999,44.3148443
36.8219462,-1.2920659
-6.9095683,53.1589342
-97.13837439999999,49.895136
-71.0588801,42.3600825
-96.783968,44.3189457
-62.2663478,-38.7183177
-74.9805296,45.4056351
-84.5499327,33.95260200000001
4.3570677,52.01157689999999
0.013156,51.406025
1.0789089,51.280233
-8.1096143,54.653827
-3.999461,50.77721349999999
32.85357550000001,0.9860182000000001
9.792998299999999,49.1996106
5.2221665,50.1596036
-106.650422,35.0843859
-104.2116849,50.9468295
82.5511336,22.5030752
-95.3698028,29.7604267
-112.8451364,49.6955856
-122.3320708,47.6062095
0.121817,52.205337
-82.4175246,45.9003476
153.0251235,-27.4697707
153.4,-28.016667
-73.227626,44.3806065
-104.9848069,39.73932509999999
-122.7140548,38.440429
-90.0715323,29.95106579999999
115.8604572,-31.9505269
74.21793260000001,27.0238036
37.906193,-0.023559
144.9630576,-37.8136276
-1.0333573,53.9062233
-1.5490774,53.8007554
-111.7167121,53.4171353
-73.2612615,41.1408363
-73.83345539999999,42.7178558
-81.1637245,33.836081
-98.2062727,19.0414398
-86.1368768,39.8266415
-76.8028933,37.3002132
13.1040857,45.6685554
-5.93012,54.59728500000001
-1.0872979,53.95996510000001
-7.7122229,53.2356871
144.9536219,-37.8128062
-122.4194155,37.7749295
-117.2425355,33.2000368
-1.708298,52.19173
121.6283098,-27.6728168
5.291265999999999,52.132633
-83.6499321,41.04422
-83.60965159999999,40.6469982
-1.616019,51.328522
-93.14716670000001,45.0791325
-110.5168128,53.4477555
-115.361289,55.31663529999999
148.164573,-23.527291
-2.6015635,39.2683154
146.2601362,-20.0769637
13.5114978,59.4021806
-88.74811079999999,39.061988
75.3433139,19.8761653
-105.271378,40.2247075
-75.1652215,39.9525839
-72.6506488,41.5623209
-76.8616387,38.9292782
-77.4360481,37.5407246
173.4216613,-41.57269
-105.5216651,40.3772059
-88.6867538,41.9889173
-104.9594253,39.6416544
-86.158068,39.768403
-117.1661449,33.1433723
69.3554783,22.833334
136.2091547,-30.0002315
-43.1728965,-22.9068467
37.96784700000001,-2.4105236
-85.8480354,39.9322625
77.5945627,12.9715987
-77.066923,39.1531627
-66.590149,18.220833
-80.49938569999999,-5.1141844
-91.8318334,37.9642529
92.7789054,24.8332708
145.7076296,-33.9769925
-71.7988353,42.2653391
7.111703299999999,43.7223216
6.1431577,46.2043907
-99.9018131,43.9695148
-105.8103879,50.90223719999999
-89.2805015,41.6585514
-80.8543847,44.2214069
-77.4605399,38.3031837
-87.5776417,38.3612229
-74.6672226,40.3572976
-78.9006484,44.5337469
2.3522219,48.856614
-117.2404079,32.8917728
-76.8966397,38.9340002
72.8776559,19.0759837
72.5713621,23.022505
-4.316294,50.546021
-72.57784149999999,44.5588028
-74.0059728,40.7127753
-110.7753815,52.0097716
28.2409671,-26.2325897
146.8169483,-19.2589635
82.088374,25.5510396
74.4976741,15.8496953
-68.2039123,44.3876119
-91.5960643,41.6822756
-117.7149438,33.5236744
-89.671364,39.747627
-119.1728171,57.7409393
-75.212294,44.934949
-73.97095829999999,42.78702089999999
-83.0457538,42.331427
-97.0583681,36.1156071
-8.4756035,51.8985143
-91.96233269999999,30.9842977
80.2676303,13.0367914
-77.3975651,39.0783754
-82.99879419999999,39.9611755
-88.04869819999999,42.937515
-122.8238806,38.4021359
80.2707184,13.0826802
15.09113,47.37639
-74.02537149999999,40.7663711
78.00807449999999,27.1766701
-80.4294996,25.6103836
NA,NA
-110.6618976,51.9368722
-9.0567905,53.270668
-4.251806,55.864237
-105.8700901,34.5199402
151.3624266,-32.8345098
-58.3815591,-34.6036844
-96.7898034,46.8771863
-77.0368707,38.9071923
-0.8432685,52.82827839999999
-80.4139393,37.2295733
-123.4062386,46.1570548
-95.9345034,41.2565369
-122.5477298,45.7807959
151.2092955,-33.8688197
-92.2670941,34.769536
-92.27045299999999,34.7545368
-80.6326916,44.4659957
76.9558321,11.0168445
-91.91195859999999,42.6784949
-79.2468626,43.1593745
-79.82842579999999,32.8323225
78.1197754,9.9252007
-99.1495107,19.4356338
-98.3420118,40.9263957
77.3910265,28.5355161
99.6452714,11.647013
76.9904825,29.6856929
-157.9440178,21.348698
-3.533899,50.718412
-158.0209227,21.4728253
-98.49362819999999,29.4241219
-1.6777926,48.117266
-88.0075875,43.0494572
-80.1917902,25.7616798
73.712479,24.585445
37.2784835,-0.4993281
73.0296625,19.0330488
80.94616599999999,26.8466937
77.7064137,28.9844618
72.63694149999999,23.2156354
72.36932519999999,23.5879607
-96.85673740000001,46.8556534
-46.63330939999999,-23.5505199
8.3900307,49.4207609
12.5683372,55.6760968
1.14822,52.056736
-94.1288141,36.18674420000001
-83.5084973,31.4504629
144.1648027,-15.4957511
142.7027956,-20.9175738
-111.2301796,52.9136234
-121.8995741,37.4323341
-6.4923145,54.7877149
78.08156269999999,17.6140077
14.4378005,50.0755381
-122.4786854,48.7519112
-72.589811,42.1014831
-121.0610606,39.2190608
-71.042551,42.1619739
-96.6093911,47.7745617
85.16515559999999,25.6068056
-94.0138393,41.3308237
-0.6087410999999999,52.0686347
-1.584927,52.28231599999999
-34.9286096,-8.0522404
-109.9167371,22.8905327
-112.2457138,53.2308894
-6.6564169,53.60554800000001
85.8245398,20.2960587
NA,NA
19.0237815,50.26489189999999
175.1894045,-37.45579900000001
-85.5027599,32.590203700000004
-87.9064736,43.0389025
-103.7549847,19.3190634
-80.98222860000001,43.3700007
111.830535,2.287284
85.0985236,20.9516658
-7.2447879,52.6541454
5.077759899999999,50.67214999999999
138.6007456,-34.9284989
171.6469521,-43.63371919999999
-77.0019212,39.0756643
2.1734035,41.3850639
-117.2813677,54.9960104
-122.273042,37.8715226
77.4601581,31.25777179999999
138.6127513,-33.8397986
-93.63191309999999,42.0307812
-97.33005299999999,37.68717609999999
-111.562333,53.75425910000001
-99.9018131,41.4925374
-94.6707917,38.9822282
-6.4633381,52.336916
-122.2711639,37.8043514
75.7216527,29.1491875
77.3410656,11.1085242
1.443976,52.455457
-106.346771,56.130366
145.8937224,-41.0597309
-0.864038,50.79808
-91.18714659999999,30.4514677
-79.5920352,44.56205140000001
-116.2014604,43.6026952
-100.7601454,41.1402759
74.74797889999999,19.0948287
-113.9940314,46.8721284
-97.0909641,47.9113659
-75.37045789999999,40.6259316
-75.39518079999999,40.6014873
-2.410369,52.77001199999999
-2.4834679,52.37843400000001
-2.406981,52.21182890000001
0.531359,52.008015
-81.2430735,42.9830616
-100.7837392,46.8083268
-73.1231921,44.496469
-76.9947643,38.9075366
-81.47183869999999,43.6635614
-157.7394444,21.4022222
-89.0247642,39.8464179
18.052167,59.20977260000001
-72.66566399999999,41.523649
-98.0016988,49.5085651
-113.550005,53.3092225
-95.712891,37.09024
-111.8412502,33.3061605
-8.0064684,52.7858707
-0.6257463,40.1327101
-84.0907246,9.9280694
3.3106757,50.8567031
-121.5566373,37.0029828
-122.5616448,37.9746458
-78.241388,35.911879
-77.0172452,38.8847743
28.1262927,-25.9991795
-0.1932794,51.5010095
-112.3246042,33.6130942
-101.8551665,33.5778631
-92.3621369,45.3069062
-96.7025955,40.813616
-80.4136271,42.7967232
-1.829833,52.4750743
-96.89990569999999,46.8769487
-93.1668858,44.8041322
-108.8574664,53.5965374
-117.8265049,33.6845673
-96.89611509999999,32.9265137
120.4933624,14.7128091
-2.586728,50.950079
152.9382447,-29.7256818
-81.7786972,26.339806
-73.943202,40.799362
-93.3979445,44.9767123
-78.63929739999999,35.7821824
-124.508523,-8.783195
-85.1393513,41.079273
-87.5710898,37.9715592
147.1440875,-41.43322149999999
-73.21207199999999,44.4758825
7.183495099999999,50.9044746
-93.8855768,41.6119903
24.9383791,60.16985569999999
-1.470085,53.38112899999999
-1.77761,52.411811
-80.398387,25.7587114
-96.58440829999999,39.19357
-94.8791294,38.5722353
-99.9500904,49.848471
-90.42984009999999,38.7131073
-0.09301369999999999,51.4740846
-110.7552593,54.2971572
0.263695,51.132377
-96.728333,43.5473028
0.191002,52.26558199999999
-101.8312969,35.2219971
77.45375779999999,28.6691565
-118.3920692,56.0695785
-75.69719309999999,45.4215296
75.7138884,15.3172775
-3.2037961,54.90198100000001
-82.9000751,32.1656221
75.63551489999999,15.4315406
-89.574563,44.52357920000001
-106.1311288,38.8422178
-73.8648268,40.8447819
-71.8022934,42.2625932
-80.32131059999999,43.7236325
2.5994562,49.0238071
-78.4531994,38.0086043
-74.4056612,40.0583238
27.7959713,-25.6099895
-3.7837117,52.1306607
13.404954,52.52000659999999
-7.692053599999999,53.1423672
-0.5470554,42.57171659999999
-61.222503,10.691803
-6.2502401,58.50006899999999
0.4685497,51.7355868
79.98884129999999,12.6819372
-97.0557846,32.5713655
-73.7562317,42.6525793
-105.2705456,40.0149856
-72.6733723,41.7658043
148.6778504,-33.8281444
-9.4289369,54.0152604
-117.2919818,33.0369867
-97.39638099999999,27.8005828
150.9920496,-29.2892966
-118.4911912,34.0194543
-1.284886,50.588306
-79.01929969999999,35.7595731
-99.73314390000002,32.4487364
-114.1198759,51.7950421
-80.5204096,43.4642578
-123.0867536,44.0520691
-80.17159099999999,43.152667
-102.2720446,50.9951212
84.12400799999999,28.394857
-82.19103779999999,42.4048028
-77.00635849999999,38.8868888
-1.38498,54.307958
75.7138884,19.7514798
149.1244,-35.3081
-71.3824374,42.4072107
-77.03005089999999,38.89127930000001
-118.4109089,33.8847361
-0.864726,52.06315799999999
150.8692954,-32.5057152
-104.7034999,49.11824259999999
71.1923805,22.258652
-104.9041365,39.7698823
145.1090089,-37.8494981
101.6490959,12.7797397
-91.992953,41.1855708
15.9794237,48.400123
-0.7594171,52.0406224
153.366667,-28.35
-84.3879824,33.7489954
-84.2963123,33.7748275
-117.6508876,34.0633443
121.7223973,-33.4406465
-96.80111,33.2362278
-84.9994088,41.6347726
78.03219179999999,30.3164945
-97.08195409999999,32.8370727
-84.5824329,33.8187167
-123.3656444,48.4284207
25.64031,-25.855978
77.0150735,28.99308229999999
-93.21851439999999,36.6436731
-97.6505822,32.7626286
-112.6227938,49.7280081
-118.7114513,55.7559644
116.6742108,-31.6478698
-104.990251,39.7392358
-0.358953,51.81845999999999
-3.188267,55.953252
-82.08429009999999,42.7071129
-2.6067273,54.4526134
-87.57382899999999,38.203891
-0.0173437,51.5901769
23.738064,38.0852204
-0.7302489999999999,52.396322
-79.9958864,40.44062479999999
-76.64127119999999,39.0457549
7.6261347,51.9606649
-7.8760747,52.4409548
-80.47714719999999,43.5656002
-97.9850117,30.3479797
-1.3038762,50.91364280000001
-88.3099213,41.8874445
29.873888,-1.940278
-122.4346645,38.481946
-79.580669,43.1458068
-105.5911007,41.3113669
144.6832081,-37.4437804
-81.3656242,28.6611089
-114.0718831,51.04473309999999
-93.3702186,44.9597376
-85.7051116,42.293951
-0.683017,53.3950699
-81.091203,32.0808989
121.0244452,14.554729
120.9621165,14.115286
-117.4260465,47.6587802
-87.8721602,41.98675069999999
-87.2913629,30.5815828
-110.3625658,46.8796822
-85.7584557,38.2526647
-106.9426066,52.2535626
1.297355,52.6308859
-6.2603097,53.3498053
-0.07243759999999999,51.573445
4.3006999,52.0704978
-75.5732462,38.9120167
NA,NA
-0.2544088,52.2938389
-63.1673331,45.2640091
-122.2977815,40.448208
-90.19940419999999,38.6270025
-80.04229029999999,43.1886495
-84.93409199999999,31.3776754
-71.4128343,41.8239891
77.6911295,12.7105259
107.4462717,-6.540666499999999
145.45,-37.734
-6.9341359,52.8365072
-93.7501789,32.5251516
-95.30106239999999,32.3512601
-119.7689223,46.2067997
-120.4750638,46.5573492
-4.3244079,38.2700436
-90.3806725,38.6497743
-78.83830379999999,35.8778814
-78.94293290000002,43.8975446
-3.971699,55.737744
78.6568942,11.1271225
-5.051041,50.263195
5.359556,45.95843600000001
-106.6776397,52.09845010000001
-1.1743197,52.3555177
-0.0087975,51.5123792
-106.1308561,35.56281130000001
73.8567437,18.5204303
95.3468563,27.1835838
92.5966036,24.8609929
83.2184815,17.6868159
-1.374688,50.967182
-4.1426565,50.3754565
-64.1887761,-31.42008329999999
77.17339009999999,31.1048294
34.851612,31.046051
-96.79838769999999,44.3113573
-1.405792,53.05281900000001
18.4240553,-33.9248685
-0.203378,50.995881
-1.7830973,4.9015794
-0.5419217,52.0944866
-92.27045299999999,34.7545368
-81.6943605,41.49932
151.6661993,-30.5015616
-0.3413965,51.5250366
-1.2577263,51.7520209
77.0844044,23.2032399
170.7214417,-44.548055
-2.554762,53.598398
80.211083,13.014561
0.7077123,51.5459269
-104.6305933,50.9739941
-81.880915,42.445084
-76.9074739,39.0348317
-3.9369029,56.1165227
-3.8744391,41.7415221
-156.6825,20.8783333
-117.000165,46.73238749999999
5.9802653,52.3587582
-90.5776367,41.5236437
175.4375574,-39.7273356
12.2604653,45.7307784
-1.7797176,51.55577390000001
-82.44515400000002,38.4192496
1.1045468,52.6615704
121.254547,14.167774
-0.80657,53.0700391
78.6568942,22.9734229
30.0029572,-29.2106317
82.9739144,25.3176452
-80.3997748,26.1003654
-112.7434183,49.7951911
-119.3473379,36.2077288
121.0437003,14.6760413
-96.82361159999999,33.1506744
-73.243912,43.333107
-79.5629529,44.114899
151.9506696,-27.5598212
-77.09098089999999,38.8816208
-121.6555013,36.6777372
-2.58791,51.454513
55.2707828,25.2048493
24.0045755,60.04587539999999
-92.3745761,30.2140928
-63.79023309999999,46.39337769999999
40.489673,9.145000000000001
172.7778579,-43.7537975
-118.0019482,34.1442616
148.6329645,-32.2315018
-0.1058058,51.5465063
-93.99939959999999,44.1635775
76.3765753,31.3832213
79.4304381,28.3670355
149.1300092,-35.2809368
76.3868797,30.3397809
75.0366677,23.3315103
28.0567007,-26.1075663
-110.8260342,52.8434079
-0.134806,44.882763
-88.3086867,41.9141945
0.0098214,51.4933675
-76.3023736,39.8605268
-87.96262399999999,42.3165239
-1.6438906,42.5998442
-89.184883,13.9652534
-111.8447452,33.8458862
11.1730615,10.279142
-0.004534,52.3010639
-81.9304937,40.7818088
75.7659513,26.8191641
-106.9446729,39.2096046
88.36389500000001,22.572646
85.31311939999999,25.0960742
0.4538530000000001,51.294626
-0.0909852,51.5123443
80.9461592,26.8467088
71.3966865,25.7521467
84.520147,26.8025577
-105.8700214,37.4694491
-73.99535759999999,40.7311877
114.6144452,-28.7796535
-81.5,43.316667
81.8661442,21.2786567
174.1344135,-41.6107023
-64.7782313,46.0878165
-1.995159,52.517664
12.4950539,51.3798014
-73.5491361,52.9399159
-2.1247446,52.1243681
-110.5260144,52.3710691
-78.7811169,35.79154
-2.533648,51.11006
-92.285223,38.912554
174.7633315,-36.8484597
-80.43054269999999,43.683715
-0.925824,52.442351
138.5528058,-35.3407036
138.7861912,-35.2476247
-122.5020049,48.7319924
-0.3762881,39.4699075
7.3732655,5.1215877
6.1935705,46.31661949999999
-122.7094767,42.1945758
4.4748104,52.1862262
-0.226624,51.979074
4.9133832,52.28592889999999
6.1319346,49.61162100000001
126.9516133,37.4784063
-106.0691004,28.6329957
-147.7163888,64.8377778
18.0685808,59.32932349999999
-117.9379952,33.7742692
-1.198674,53.147195
-75.653978,45.3322655
-122.4110835,37.6304904
-157.7973653,21.3996475
116.6631228,-30.2865969
-112.6622854,49.46342689999999
-114.3083835,51.79297219999999
-157.8171118,21.296939
-0.283414,51.94921
-83.8877186,39.7993346
-96.57577599999999,39.1870662
-2.299443,51.397643
95.955974,21.916221
150.2982881,-28.5387064
-96.7298519,32.9483335
-86.46246049999999,33.607132
-117.9143012,33.8365932
144.7851531,-37.4713077
-95.913989,36.10512
12.4963655,41.9027835
-78.7077998,35.7956632
-96.3699632,30.6743643
79.48257850000002,11.927783
-83.83250559999999,40.766263
-81.20781640000001,44.1739758
-81.20781640000001,43.4908432
-86.61999139999999,38.5489431
27.5495846,-13.0570073
0.013434,52.803991
-123.2620435,44.5645659
79.61371299999999,10.8802188
119.947765,-22.6676348
-102.1427207,49.6684951
-0.783258,53.494225
138.9626892,-34.5200776
-79.8092133,40.3375695
-111.0937311,34.0489281
-76.19384029999999,45.2313875
104.195397,35.86166
0.7559199999999999,52.938524
0.064304,52.260094
-83.357567,33.9519347
-1.561593,12.238333
-73.1709604,44.4669941
-117.9205064,33.7999308
-119.7871247,36.7377981
-102.2666277,50.329875
-83.0929644,39.88145189999999
-97.5164276,35.4675602
-122.0475994,47.3914343
5.791126999999999,45.1800489
4.4937836,52.0207975
-122.169719,37.4274745
-96.3255715,46.8761742
80.77179699999999,7.873053999999999
76.71787259999999,30.7046486
5.203028199999999,51.5654243
4.8945398,52.3666969
-2.573874,51.935361
22.937506,-30.559482
117.5553135,-33.6906974
175.6229296,-40.4097363
5.7378425,52.69262200000001
-80.2907618,25.7050697
2.2779189,48.992128
-111.789027,33.3528264
-2.115612,52.029939
28.2181203,-26.0092829
117.8837206,-35.0269344
73.1812187,22.3071588
-123.0724139,49.3199816
13.2077046,45.8326016
32.8874067,2.2580829
-81.15069350000002,44.1312976
-8.008899,31.6336545
-76.4921829,38.9784453
-7.1100702,52.2593197
-68.8458386,-32.8894587
-91.25190169999999,43.8137751
-91.25190169999999,43.8137751
-88.0834059,42.0333607
-76.5018807,42.4439614
-119.550428,49.1823264
-94.25463769999999,42.1647525
-93.60363889999999,41.5912022
-79.0849436,43.0895577
-111.6541813,40.1022446
-76.672896,38.912042
-71.2643465,42.0909458
-71.0328284,42.3917638
-72.3320051,41.5756728
-89.0906164,42.2689619
145.5902293,-17.3505765
136.495717,-33.702931
-2.320096,51.230751
-3.655792,50.2923339
10.8551196,43.6829641
-9.1393366,38.7222524
-61.8987832,-35.8107166
-74.2107006,40.6639916
146.8950786,-38.5206202
-1.993764,51.059856
8.0182064,58.15991189999999
-1.0770801,51.5337349
-74.00513049999999,40.7269938
14.375416,35.937496
-58.95926429999999,-34.1633346
-95.8245093,29.7857765
77.0889583,22.3466702
-93.102233,44.95515
72.83106070000001,21.1702401
-74.9813084,44.6697805
-75.95113839999999,44.6265326
-80.54384499999999,38.0198478
-86.99223090000001,40.4711481
-122.2363548,37.48521520000001
-88.2433829,40.1164204
-97.93894739999999,49.1801103
0.8275638,52.8257098
-71.20922139999999,42.3370413
-121.302728,38.5890723
-2.970721,56.462018
-88.9915616,40.4789921
-2.7673359,53.019049
-0.332378,51.232202
-1.251989,52.820702
-106.4850217,31.7618778
-79.9644181,39.6235483
153.5224671,-28.68642969999999
-96.6783449,34.774531
-111.1682865,53.8764627
-1.994646,51.709324
28.2292712,-26.0944083
25.0136071,58.595272
-77.3146731,38.8336468
-0.9781303,51.4542645
-7.793152699999999,53.7274982
115.0342345,-33.7711896
-80.6075513,28.3200067
144.2793906,-36.7570157
26.005922,-26.8207062
-121.8374777,39.7284944
-119.62877,36.365502
74.8559568,12.9141417
75.710031,16.8301708
36.7617496,-1.2427691
-1.1865868,50.8548464
-114.0743085,49.56772669999999
78.2753776,31.5376578
75.0105028,19.6975252
78.4842132,17.6302223
-83.2784851,30.8327022
-66.6431151,45.9635895
-1.1615165,53.920716
-0.8533999999999999,52.28869
-1.61778,54.978252
-122.4580356,38.291859
-1.1743197,52.3555177
79.9245272,25.7589347
75.02588879999999,29.5518373
-116.1772552,51.4253705
-1.921781,52.679936
-2.6288523,36.7637909
-116.8792553,33.04136039999999
-2.7553268,52.70730289999999
-95.46126249999999,30.1658207
-78.63552949999999,35.7905655
-0.174943,51.515973
-77.0371152,38.8957766
-121.6219177,39.7596061
-49.30864649999999,-16.4851555
9.921747,57.0488195
-87.67211830000001,41.8870971
-0.014468,51.128742
138.5051868,-34.4384693
-120.4560072,36.8588376
-122.3151314,47.8209301
0.5339843,50.9335791
-90.196946,38.6255023
-96.76780389999999,46.8737648
-97.16812569999999,26.1118401
-80.9358898,42.8295717
-48.7064825,-16.197426
-94.51328099999999,37.08422710000001
-117.189978,32.74541
171.7787021,-43.2652165
-89.29033919999999,31.3271189
6.6371433,49.749992
75.5626039,21.0076578
-98.4166363,29.5024002
-78.97407249999999,44.1294198
-92.270055,34.78041
-92.270055,34.78041
-1.4398732,51.2218631
-75.3365695,40.1517741
-0.570409,51.23622
-1.519693,52.406822
47.9473513,29.2966254
39.2083284,-6.792354
-4.328619,48.093228
7.4165053,10.5104642
-117.7499909,34.055103
11.97456,57.70887
115.2422684,-8.6430942
-1.852699,52.165171
-115.1398296,36.1699412
-83.9818667,39.4342656
138.8634671,-35.0809029
1.7830973,41.4374918
75.7872709,26.9124336
-93.9965759,30.9201995
74.8565613,15.8132997
-73.9994,40.725196
-89.5400519,42.0492103
76.7794179,30.7333148
-117.9298493,33.6188829
-4.004263,50.738308
-88.31476099999999,36.6103334
8.5427285,50.2136583
15.6213728,58.41080700000001
123.9357136,10.3321417
-98.2022633,32.2206958
-121.8863286,37.3382082
-85.3863599,40.1933767
81.25281389999999,26.2144806
-87.95313519999999,41.6774547
121.3009798,24.9936281
80.3318736,26.449923
77.412615,23.2599333
-76.77913649999999,39.0067768
3.3792057,6.5243793
-87.7119324,30.5538048
74.00778489999999,15.4027005
77.3209555,19.1382514
-105.1019275,40.1672068
-84.03716589999999,41.8975471
5.3036748,51.6978162
-81.1009286,33.8170974
-106.9665563,51.16477769999999
-70.54399,43.3845306
121.2440631,14.1699121
-2.585278,49.465691
-73.9923596,40.30427780000001
-103.6699014,50.5333571
-80.3819984,36.0215258
-96.3640334,41.4519843
-74.072092,4.710988599999999
-124.1636729,40.8020712
34.301525,-13.254308
151.6676377,-30.2168387
-0.4481378,51.5351832
0.0516503,51.1000409
2.0807123,49.42953869999999
-122.4285862,37.4635519
54.3773438,24.453884
153.0018911,-27.9881559
30.3794118,-29.6006068
12.6331035,42.3488301
73.7810334,33.9259055
-3.4850845,56.4456125
87.3119227,23.5204443
-79.8711024,43.2557206
-95.0193728,29.6657838
-123.0850069,49.2309343
-92.539603,40.1993655
-72.9684663,44.3684369
-8.189095499999999,53.6275906
-74.24016089999999,40.82980060000001
73.4090757,18.7557237
-71.60204379999999,-15.6388455
35.2697802,0.5142774999999999
-86.2860888,33.5862149
-0.1869644,5.6037168
-100.0170787,37.7527982
-9.224547399999999,38.7577603
0.076251,51.556619
-2.003884,51.43933
4.3483176,50.8649029
-2.217758,51.745734
-104.6188943,50.4452112
3.3514863,6.601838
78.3957331,27.1591961
138.351117,-35.4598561
-85.5743227,30.1453538
13.003822,55.604981
-78.76178929999999,-3.8290942
-96.5847249,39.1974437
75.8572758,30.900965
-0.798802,51.214321
-120.4829677,37.3021632
-3.6935807,50.4526394
78.03219179999999,30.3164945
-119.2462848,55.2661007
-94.577421,39.0395746
-72.9026064,41.3838782
-76.9105483,38.6265124
-4.042929,51.6480279
4.46844,51.46776000000001
72.63877,22.9087907
71.47446099999999,22.9832248
77.0266383,28.4594965
86.6686635,23.5343795
-122.0607963,37.9479786
-112.1233056,43.3813038
-91.5301683,41.6611277
-2.1710927,49.1871532
-0.223731,51.491187
-122.0651819,37.9100783
-77.071268,37.34389060000001
141.4539396,-31.9539135
6.5120144,51.5755955
72.15193040000001,21.7644725
-0.3882062,51.4828358
-79.5571701,43.693404
-88.3125738,41.8500284
85.1375645,25.5940947
-1.922863,52.109097
-70.81507420000001,41.6616323
-81.20812029999999,28.669997
-85.48078249999999,32.6098566
-0.632587,53.076095
-2.081112,52.512255
-82.68333299999999,42.25
-76.727745,39.9625984
-111.8910474,40.7607793
-85.0416133,34.0026005
-73.9434187,40.8425399
-83.9207392,35.9606384
-75.62239,4.870121
-100.8174772,46.8190744
-2.4271346,52.7794512
-89.0187222,42.6827885
-76.6121893,39.2903848
-93.77235999999999,41.6060873
-113.455758,53.56834
-78.626239,35.775873
-121.2907796,37.9577016
-77.2716502,39.1731621
-113.8831038,50.6969719
-88.9736901,40.3133697
-91.6656232,41.9778795
-92.90803749999999,42.0494674
-78.898619,35.9940329
0.14721,51.81554
-2.0953297,37.6912699
-94.7976958,29.3013479
9.2559325,48.4338176
-113.7927948,42.5357428
-115.6911975,43.1329504
-85.207229,12.865416
-3.7821380000000002,55.673865
-2.06316,52.034916
145.3582514,-37.7002209
71.663622,22.1722509
-1.968243,51.718495
19.040235,47.497912
-3.35056,56.03490799999999
-70.1356692,-20.2307033
78.7733286,28.8386481
153.3764535,-28.0044505
-90.7880115,35.0229765
-0.8890853,41.6488226
-77.83994430000001,40.7843394
-79.8685861,44.1529303
-114.0005457,51.0821142
-0.9407347,54.0175479
-87.3450132,38.3386591
-92.22236799999999,34.714396
-3.17909,51.48158100000001
-5.094952,57.86742400000001
-114.7594946,42.5990714
-105.4044721,56.6889485
-76.6990172,42.6776693
-93.5574376,41.3580484
6.5463156,9.5835546
19.374389999999998,42.708678
-100.3537522,44.36678759999999
-80.254435,43.6228809
18.49041,-22.95764
-119.5833869,48.361262
-86.902298,32.3182314
77.55520659999999,29.9680035
81.9202463,25.6979423
-79.7624177,43.7315479
82.2474648,16.9890648
-85.7630885,42.9097484
-95.38409539999999,29.7563144
-1.3953847,54.0942662
-70.9249578,41.8953678
1.659626,28.033886
-81.5596427,44.0496367
144.8410273,-37.6690123
5.166897400000001,52.2291696
72.7097161,31.1704063
153.066296,-26.396941
-75.97798499999999,36.8529263
-78.87835849999999,35.0526641
-1.366216,38.1398141
-1.8609152,38.1041892
-119.146333,34.2860509
-80.6675577,26.6845104
-93.955691,44.3258932
-77.026088,38.99066570000001
-117.3703235,34.1064001
-82.566789,35.3884479
-73.9680091,40.7488758
-117.9871351,34.1749564
-3.8044831,42.4683847
-112.0895691,50.0574749
-88.0747875,41.801141
-114.06719,36.80553099999999
-6.4889423,53.9252324
35.7516069,-6.162959000000001
-122.3126222,47.3223221
-122.340532,47.6084287
-84.01937889999999,39.8208925
146.6877247,-36.3533015
0.1536502,51.8721635
-90.42261800000001,38.6608855
-73.16734,44.015337100000004
26.419389,-16.9620634
-75.1070653,45.4610101
88.41709879999999,22.5867296
21.0122287,52.2296756
-63.81554189999999,46.3415584
-115.566821,51.1792688
-117.7793833,34.4154454
-2.078777,37.6496854
-1.7435071,52.45238209999999
-1.1306544,37.9922399
-6.0840751,40.0358856
-1.6968357,37.6735925
151.8804077,-32.739172
93.6053163,27.0843682
81.88252790000001,24.3956038
70.133673,23.075297
-58.473816,-34.5281205
51.5975524,25.1659314
-92.6238082,44.8613563
112.6139055,-7.9370268
-117.9002918,33.916475
-0.229886,47.124879
-79.39236939999999,43.6687921
-86.7816016,36.1626638
82.06598579999999,26.2585371
85.2083236,25.6924428
9.189982,45.464203500000004
-98.8224941,19.0273812
-38.965531,-12.2622086
-4.312131,51.85762
4.3517211,50.8503463
-1.254434,54.23915119999999
-71.5723953,43.1938516
36.9785033,-1.4577245
5.447426999999999,43.529742
-74.6888853,45.3661144
27.5495846,-18.5331566
-82.64029149999999,27.7676008
78.6053386,17.3270709
-83.5378674,41.6528052
-122.3255254,37.5629917
-97.0780654,32.9342919
-116.419389,38.8026097
-122.4852507,37.8590937
138.5461247,-35.2210309
-81.935143,40.8050565
-122.0838511,37.3860517
-1.656749,51.600693
-80.5882803,44.3499393
-119.7418195,39.5135413
76.2054416,17.5242162
69.6669324,23.2419997
-0.106333,50.999041
-110.768301,51.2680464
-86.90806549999999,40.4258686
-80.9269984,29.0258191
-105.1994879,51.4564027
76.9438387,28.3442468
-97.0894496,31.5989517
-7.6264608,33.5948881
-79.6441198,43.5890452
-121.6169108,39.1404477
-111.8363216,39.7102336
3.5104537,6.6194131
2.173878,45.884543
3.7174243,51.0543422
-118.2120161,33.954737
-78.6381787,35.7795897
-77.0368707,38.9071923
-82.10981559999999,29.41191659999999
-158.003624,21.3853452
-86.158068,39.768403
NA,NA
-2.06316,52.034916
NA,NA
-86.1349019,40.2671941
-157.8583333,21.3069444
-124.508523,-8.783195
-95.1022313,43.4226192
77.2090212,28.6139391
-105.8700901,34.5199402
-0.9781303,51.4542645
75.233965,23.021393
NA,NA
-81.935143,40.8050565
85.0002336,24.7913957
NA,NA
-96.79698789999999,32.7766642
153.0657046,-27.5190566
NA,NA
36.8181816,-1.2972059
-82.90712300000001,40.4172871
75.8129474,26.9145516
-93.097702,41.8780025
-6.2603097,53.3498053
138.6026274,-34.9205386
-97.13837439999999,49.895136
88.439178,22.6208907
-75.4714098,40.6022939
-79.3831843,43.653226
80.94616599999999,26.8466937
-94.6858998,46.729553
-2.5969501,53.3900441
-90.4973286,36.0584021
151.188608,-33.8812408
72.87988709999999,19.109988
-84.5120196,39.1031182
-106.4508639,52.9399159
-96.68127,40.8183705
78.486671,17.385044
-76.5660529,42.9317335
-78.4524591,44.2086668
-77.3733139,37.6087561
-83.6513229,41.3747744
-97.36267409999999,32.7422092
-79.01929969999999,35.7595731
-78.6568942,37.4315734
77.96244349999999,9.5680116
145.7780548,-16.9185514
-95.8119392,41.1503525
-83.9207392,35.9606384
-96.15251909999999,41.18388780000001
79.646666,29.5892407
-106.9561791,44.7971939
0.8918740000000001,51.895927
-98.20555279999999,49.97556290000001
-80.24816659999999,43.5448048
116.6994431,-30.8314439
-95.99277500000001,36.1539816
NA,NA
80.2609209,13.0732259
-82.19103779999999,42.4048028
4.3570677,52.01157689999999
36.8181816,-1.2972059
-81.2684019,35.7448954
-119.8138027,39.5296329
13.404954,52.52000659999999
-90.19940419999999,38.6270025
-0.5386609,50.811057
-122.0307963,36.9741171
-104.6188943,50.4452112
85.54345719999999,24.8866859
171.4278984,-43.6983477
-8.189095499999999,53.6275906
-9.0567905,53.270668
-93.6249593,41.5868353
-99.9018131,41.4925374
-2.119287,53.258663
-81.6943605,41.49932
-9.1393366,38.7222524
-95.9345034,41.2565369
-73.11122069999999,44.4905433
-93.0899578,44.9537029
-92.1004852,46.78667189999999
-122.6750261,45.5051064
-119.4179324,36.778261
-83.36833899999999,42.372141
-119.7689223,46.2067997
-73.567256,45.5016889
-81.5337693,43.1470282
77.609453,12.9965139
-100.1606978,40.9276614
81.8661442,21.2786567
39.2411953,-6.7745419
84.9058805,19.2546619
-78.97407249999999,44.1294198
-91.8318334,35.20105
-84.4274744,42.722257
35.6860723,-7.768059
-7.4653217,53.5345308
-72.57784149999999,44.5588028
6.270427199999999,52.988319
-71.0994968,42.3875968
0.064304,52.260094
-90.0715323,29.95106579999999
-81.2452768,42.9849233
0.0014643,51.4769095
-77.2085914,39.0181651
-2.6067391,53.6854878
-155.5827818,19.8967662
-93.58132010000001,44.4383146
145.3,-36.383333
-0.1869644,5.6037168
145.019293,-37.3501036
75.7204996,27.1648064
-107.0578423,51.4873603
-85.1393513,41.079273
-0.0909852,51.5123443
77.5945627,12.9715987
-95.9877339,30.0932737
-122.273042,37.8715226
-2.0675875,52.1388605
-1.484301,51.116603
151.9513652,-27.5587448
-94.6557914,39.0277832
145.2328259,-36.4366557
9.5033095,40.92257619999999
95.955974,21.916221
-6.9095683,53.1589342
91.7810805,26.1610333
73.0683821,26.2693866
-82.9000751,32.1656221
-82.99879419999999,39.9611755
12.4963655,41.9027835
-92.4453161,42.5348993
-8.4756035,51.8985143
-114.3083835,51.79297219999999
-1.070363,53.551434
-2.2996342,52.1718428
-91.8318334,37.9642529
-7.7122229,53.2356871
-2.102834,51.586357
-95.5991435,37.0364321
-157.8621696,21.3035121
-3.999461,50.77721349999999
-119.0922316,46.2305049
80.5162668,7.738761100000001
-158.0209227,21.4728253
55.27437639999999,25.197197
-1.1743197,52.3555177
-117.1610838,32.715738
-3.7837117,52.1306607
-118.2436849,34.0522342
-96.7898034,46.8771863
-89.3985283,40.6331249
-105.8700214,37.4694491
-94.16801579999999,42.4974694
16.0183797,48.4082945
-97.092877,35.0077519
-81.5,43.316667
116.9228703,-32.1098168
75.33247229999999,20.9265794
76.9583881,30.8405752
28.0888578,-25.864029
-88.7878678,43.7844397
-73.9712488,40.7830603
85.33210609999999,23.3712345
-99.9018131,43.9695148
-86.87528689999999,40.4167022
-114.0718831,51.04473309999999
-96.929906,46.873848
-1.5490774,53.8007554
-58.57653499999999,-34.4187357
-96.57166939999999,39.18360819999999
5.657009599999999,51.4792547
87.8614793,23.2324214
-0.09301369999999999,51.4740846
-87.3902947,39.7858714
-97.39638099999999,27.8005828
-119.6993068,36.7491167
-2.8007399,54.046575
-71.3128285,41.4901024
82.9739144,25.3176452
26.2335009,44.38976419999999
-119.4504029,36.5963395
-6.6564169,53.60554800000001
-90.3971893,38.674333
-2.181078,51.204629
-1.0333573,53.9062233
31.03351,-17.8251657
-104.7034999,49.11824259999999
-85.48078249999999,32.6098566
-110.9747108,32.2226066
101.5613392,3.20933
-119.7871247,36.7377981
-93.268827,44.2949636
-80.5882803,44.1243696
-99.1403189,30.0474332
-104.990251,39.7392358
-97.14362539999999,34.1742611
-4.2026458,56.49067119999999
-90.10166699999999,38.536944
-81.20781640000001,44.0229962
-101.6842401,49.6334483
-97.33005299999999,37.68717609999999
-105.7820674,39.5500507
77.17339009999999,31.1048294
77.17340329999999,31.1048145
-106.346771,56.130366
78.6568942,11.1271225
-79.98728659999999,39.6459146
77.412615,23.2599333
-1.1335613,51.5974177
15.9441724,48.41827670000001
-116.9739167,32.8383828
78.9618845,29.2104232
-81.140653,43.2595868
-0.859922,53.086321
32.6277455,1.8730263
-81.1637245,33.836081
-93.2650108,44.977753
-86.20943419999999,35.3620235
-105.0344721,53.0877377
73.0095355,19.0663626
5.2221665,50.1596036
-91.9636914,41.00761139999999
-98.4842465,39.011902
-1.376999,51.781605
-96.3624968,44.4038174
-119.3473379,36.2077288
76.3980464,14.2250932
-98.518791,40.8910071
121.5654177,25.0329694
-88.9906312,40.5142026
NA,NA
93.69839789999999,27.1086309
-83.5378674,41.6528052
-89.2137254,43.1836046
-90.704279,35.84229670000001
-103.6179745,48.1469683
-70.60858859999999,41.5532208
-3.4308381,56.394994
147.1426536,-43.1834006
144.973951,-37.8346818
-89.81954069999999,39.1297692
-100.4370375,31.4637723
130.8456418,-12.4634403
77.45375779999999,28.6691565
-157.5291315,1.8599285
-86.2691438,33.5523269
-85.60236429999999,44.3148443
-122.3374543,48.4201105
-87.5286325,38.677269
-81.8671012,43.2201531
-7.2447879,52.6541454
-127.6476205,53.7266683
-117.6300378,56.9221466
-81.3444573,35.7344538
15.9794237,48.400123
-73.1709604,44.4669941
-77.09098089999999,38.8816208
-2.1530391,54.0613371
-84.3879824,33.7489954
72.5713621,23.022505
-85.4824841,42.9486611
-2.573874,51.935361
3.084631,42.52675199999999
-74.0059728,40.7127753
-64.7031977,17.7466397
-87.5710898,37.9715592
76.860565,30.6942091
-87.6297982,41.8781136
-102.5790671,50.3780625
77.2090212,28.6139391
74.8764849,31.61998029999999
153.1169064,-30.2967873
-88.4037079,43.060842
-2.1710927,49.1871532
-104.2027558,49.930299
16.3387242,48.2168916
72.96469549999999,19.2035083
-80.4925337,43.4516395
-101.0020119,47.5514926
-82.4571776,27.950575
77.322507,28.569902
-120.7401385,47.7510741
-71.1061639,42.4184296
-89.3801502,43.0716832
-86.1349019,40.2671941
NA,NA
-1.519693,52.406822
-1.7765753,54.9812232
-2.2426305,53.4807593
76.07624539999999,11.0508962
-122.6806328,45.5283632
78.07660360000001,10.9600778
35.529562,-18.665695
-77.1945247,41.2033216
-116.0197005,58.38733250000001
-81.8393038,40.7517229
117.8837206,-35.0269344
72.63877,22.9087907
-95.712891,37.09024
-110.7552593,54.2971572
150.2982881,-28.5387064
-99.9018131,31.9685988
-79.0752895,35.9101438
-80.4136271,42.7967232
-87.3371523,41.6020403
-81.3384011,28.7030519
-113.4938229,53.5461245
-2.9915726,53.4083714
-79.6441198,43.5890452
-86.3097278,41.3436554
73.76152019999999,19.962404
115.7617058,-31.7251056
76.4039016,29.8042758
22.4593236,-33.9580601
77.7065811,29.0023327
-79.81712929999999,47.6079009
-73.9680091,40.7488758
NA,NA
-83.7430378,42.2808256
NA,NA
-75.52766989999999,38.9108325
143.5854622,-38.3410186
-73.099194,44.4454432
150.1908146,-35.823239
-122.077346,47.7442656
80.2329,26.5123388
-78.6381787,35.7795897
122.2303657,-17.9644291
138.6026274,-34.9205386
115.8576035,-31.95281739999999
-122.4901296,37.77983950000001
-73.7776336,41.2709274
-97.0583681,36.1156071
-81.3792365,28.5383355
-100.2702775,49.9342589
-82.4175246,45.9003476
-1.890401,52.48624299999999
73.6835109,24.5764421
-81.3656242,28.6611089
-92.9593797,44.9238552
-90.3759499,38.6653297
-85.6680863,42.9633599
0.1171786,51.4519021
-1.040374,52.702546
-93.4687489,44.9211836
-0.5950405999999999,51.51053839999999
-1.829833,52.4750743
-98.49362819999999,29.4241219
NA,NA
-78.8783689,42.88644679999999
37.2784835,-0.4993281
34.1531947,29.3101828
-73.9441579,40.6781784
4.777359,52.1500559
-86.2158331,41.0647645
30.1618481,-2.3507577
-0.358953,51.81845999999999
18.0011416,50.7861194
-111.6585337,40.2338438
-113.974928,50.7254764
-0.106333,50.999041
-97.4394777,35.2225668
72.8776559,19.0759837
75.3602768,19.8743834
-81.0254145,44.1526004
-100.920999,37.0430812
100.291428,6.105551999999999
-157.9955852,21.414311
-89.9189753,35.9272953
-2.094278,57.149717
-0.9741879999999999,51.746997
-88.8924383,39.8928766
-118.1503488,34.1161196
-86.902298,32.3182314
-0.7901334,37.8631809
80.80501410000001,16.5419292
-93.65529839999999,41.6029128
148.6329645,-32.2315018
-95.15413389999999,36.6386937
-1.310142,51.059771
-92.90803749999999,42.0494674
-94.7327541,39.0129379
-3.4754967,40.4567552
4.3517103,50.8503396
-82.7689906,27.7691937
0.121817,52.205337
-77.06522199999999,38.946214
-71.4774291,41.5800945
-112.0740373,33.4483771
73.83015,18.529187
33.4607744,-8.9094014
11.2558136,43.7695604
-84.17113450000001,35.8778548
-77.2310925,38.9187222
-95.67515759999999,39.0473451
72.85772419999999,21.0919681
76.6393805,12.2958104
-3.562163,48.089346
-64.7782313,46.0878165
NA,NA
-1.3764225,51.16740679999999
-86.90806549999999,40.4258686
2.2779189,48.992128
NA,NA
152.616667,-27.933333
-80.32131059999999,43.7236325
-73.840231,41.1402322
-0.570409,51.23622
-78.880315,43.0203347
-81.9304937,40.7818088
77.0266383,28.4594965
86.43038589999999,23.7956531
121.0437003,14.6760413
-122.461499,37.8004043
-96.8483311,32.3865312
-81.9304937,40.7818088
-122.4194155,37.7749295
-81.52150929999999,40.7967244
-90.23075899999999,15.783471
-1.4043509,50.90970040000001
-63.58865299999999,-16.290154
142.1962316,-36.7188618
-80.22134770000001,40.51697670000001
-94.5785667,39.0997265
-87.78285230000002,42.7261309
24.7535747,59.43696079999999
-60.69304159999999,-32.9587022
-87.0641699,36.2742207
-158.2206477,21.4634328
78.4842132,17.6302223
-86.7816016,36.1626638
-100.7837392,46.8083268
73.187157,22.2537679
101.6490959,12.7797397
-80.782127,8.537981
-121.7472809,38.5344261
145.8487441,-38.1353835
-7.332300699999999,52.994295
-79.5920352,44.56205140000001
-74.9859889,43.0256259
-90.50624,40.5528183
145.4858599,-17.2660801
-6.4345836,53.2810955
81.25281389999999,26.2144806
-105.084423,40.5852602
-79.8711024,43.2557206
-103.6671662,41.8666341
-90.3971893,38.674333
14.26812,40.8517983
69.0312124,22.4058584
-81.47183869999999,43.6635614
-86.0085955,40.0455917
91.8932535,25.5787726
18.0258329,59.40589339999999
135.2714703,-34.5404804
-157.0238889,21.0933333
-1.822817,53.925486
-95.9188889,45.5919444
-76.4921829,38.9784453
-97.50897549999999,35.5244174
100.4746823,7.008620199999999
-73.1479068,44.5439375
-113.550005,53.3092225
-81.8686977,26.550354
-155.0868193,19.7241106
74.86622679999999,12.8677132
-87.5675222,38.3553236
74.21793260000001,27.0238036
-87.6833126,38.0353505
-120.3272675,50.674522
-105.1019275,40.1672068
-78.8689155,38.4495688
NA,NA
NA,NA
-122.156988,47.75024000000001
-1.163282,50.729952
-122.6760886,45.6257379
-95.3698028,29.7604267
-121.7405167,38.5449065
-81.4035059,44.422498
149.1300092,-35.2809368
-97.9403303,38.0280671
-2.9843735,51.33629310000001
4.8852188,52.3599976
-90.0489801,35.1495343
-106.6989375,44.3483072
-111.9962189,50.6280575
1.146209,52.319605
88.41709879999999,22.5867296
72.1156953,23.8341553
-0.004534,52.3010639
-82.32482619999999,29.6516344
16.5300313,38.9735424
71.1923805,22.258652
-119.5540175,36.5138398
-1.6438906,42.5998442
-97.7430608,30.267153
-67.1451549,18.2013452
6.9106799,46.4312213
-9.5668633,52.15446069999999
-79.87619699999999,42.9276849
51.5215786,25.3143643
82.1601565,22.0754932
-81.91791979999999,40.5545071
-80.17159099999999,43.152667
-122.286865,38.2975381
-157.9440178,21.348698
-74.89099879999999,39.934002
-4.5593676,37.020001
-111.0429339,45.6769979
-157.8364238,21.29024
-90.692308,41.714686
-6.2047205,53.2602149
75.007808,15.4589236
-72.50508710000001,42.3403684
76.3810922,18.7271336
-106.3741955,39.6402638
NA,NA
-81.5157535,27.6648274
-97.3593904,41.43029730000001
-95.7425056,41.0469437
-69.4454689,45.253783
30.6545022,-0.6071596
-92.70346080000002,41.7440072
-118.3920692,56.0695785
83.85546699999999,25.8591065
12.513321,55.677069
152.6970636,-25.5232627
26.1595761,-29.085214
115.2624778,-8.5068536
145.9706647,-41.4545196
139.2670111,-34.6105306
-75.1652215,39.9525839
-122.3320708,47.6062095
79.0711436,21.1121057
-113.2647652,51.7071518
-1.1743197,52.3555177
-159.3711111,21.9811111
-0.1058058,51.5465063
78.8394819,9.3639356
-9.5981072,30.4277547
-90.19940419999999,38.6270025
18.1750161,40.3515155
-81.5596427,44.0496367
-66.2676683,18.4588347
-96.5845642,39.193503
-4.8824474,36.510071
4.575979999999999,50.97939
-96.79838769999999,44.3113573
-117.8236391,33.7420005
-1.470085,53.38112899999999
-95.1169424,44.5394039
-63.13107040000001,46.23824
-81.7948103,26.1420358
-7.332300699999999,52.994295
-94.5785667,39.0997265
79.1701349,10.6586352
-77.56360149999999,39.1156615
7.0982068,50.73743
-80.6770787,43.7533739
-64.65259569999999,45.8093673
-87.3653135,41.4169806
35.0023048,1.019089
41.2808577,11.4098737
-88.8425769,41.3455892
-82.9991009,39.9613867
-83.9432556,38.0564679
-1.7924321,55.0280973
9.4709494,53.59286179999999
-1.505924,53.683298
24.684866,-22.328474
-98.8831503,19.5060382
-2.304642,50.925142
47.576927,40.143105
31.2357116,30.0444196
-2.817198,53.963585
-62.7918471,45.9202042
-2.8007399,54.046575
151.2957993,-32.7613677
-87.947036,41.8364391
-90.1906542,36.382839
80.7787163,27.9462395
3.1579655,6.4579097
3.9244916,47.0569552
-117.001189,46.4004089
-100.393198,51.525757
78.8394819,9.3639356
-73.5387341,41.0534302
2.4060513,41.5211753
-117.3794834,33.1958696
145.616667,-38.083333
4.69545,50.61654
-110.706581,50.32401979999999
-97.47063949999999,48.0333225
4.363073,48.956682
NA,NA
-3.943645999999999,51.62144
1.432038,51.360163
75.1397935,27.6093912
8.5821648,47.4495116
7.398574,9.0764785
-0.1326674,51.52586729999999
-4.033764,51.62486999999999
5.842828099999999,51.8448837
27.1558867,-25.5926646
5.0720086,51.6270137
12.4888013,56.90273329999999
28.0127534,-25.9395977
1.753449,52.48113799999999
-123.7044012,48.8428574
-98.21425719999999,44.3633173
-82.310119,34.77873
35.87706420000001,-1.0875428
-0.7355258,52.2012921
-73.95597210000001,41.3914827
-3.7037902,40.4167754
-2.22565,53.592628
-53.8129003,-29.687634
102.4303622,2.3083646
80.4365402,16.3066525
15.439504,47.070714
-5.952963,56.5832373
-117.6986604,33.5916433
-73.90743719999999,41.9318294
31.7537404,-0.3267383
-77.59213369999999,44.360297
-120.5058987,46.6020711
-121.4943996,38.5815719
-92.8577105,42.4369506
-0.6606569999999999,51.9196839
-80.39727359999999,27.6386434
-93.7925199,41.6883646
-89.6058931,39.7641415
73.0169135,33.5651107
-83.65382439999999,41.5628294
5.690983,51.973313
-122.2758008,37.5202145
-79.84,21.7836111
-85.2361213,44.9942119
-83.090265,42.618455
-104.8970678,39.536482
-65.6285796,44.8570185
3.7264613,51.0108706
-90.19225759999999,38.63053499999999
-8.426506999999999,41.5454486
3.0926899,42.1897546
-5.663539699999999,40.9701039
146.2,-38.65
-122.2079218,47.4796927
-110.4834004,51.3505932
-86.13360329999999,40.486427
7.872159999999999,4.929986899999999
-95.7083131,37.2242358
-105.0877977,39.96635149999999
106.8325872,-6.2195686
-7.2221421,40.5308408
4.909254199999999,51.5598545
-84.48386540000001,42.7369792
-75.7012723,45.4765446
-81.0975397,43.3100001
-78.4524591,44.2086668
-88.9767818,39.8430214
-76.77611650000001,42.4634965
-118.3406288,33.8358492
-95.1432068,40.7635099
-88.9767818,39.8430214
37.633339600000014,-1.788625
7.686864,45.0703393
-121.1760583,38.6779591
30.8384093,-20.0791909
9.112366000000002,55.728449
-74.1502007,40.5795317
-118.1339563,33.8536269
135.4595182,-34.3959239
174.8391465,-41.1350969
-102.3977036,34.8150622
-7.5567582,43.0097384
-117.5931084,34.10639889999999
-82.9121311,42.4126936
-117.1858759,34.5008311
-83.1446485,42.4894801
-73.1940504,44.4754132
-3.435973,55.378051
6.415923599999999,46.7296887
-81.4359192,26.4607635
15.2000001,45.1
-93.2073142,44.93250099999999
174.7315563,-41.2809024
72.9780897,19.2183307
-81.295925,42.7273913
-93.27231760000001,44.9796907
146.9169005,-36.0790936
-122.0809964,37.6687665
-122.1568554,37.7257663
-2.061906,52.335589
-95.73042769999999,37.223958
-60.69304159999999,-32.9587022
-88.7046428,41.9665263
-105.9946943,39.5850169
-97.9445154,29.88930809999999
26.2523438,59.1279188
-109.5453447,31.3445471
88.14109669999999,25.0108408
-91.6709927,44.5677422
-122.3874593,48.4391378
144.9565781,-35.5282408
-87.9123709,43.0430129
-95.6195954,37.0295825
-83.9546007,46.4917019
-118.1257547,33.8337548
-121.2721718,38.6446264
-107.8800667,37.27528
-97.9550493,35.5322741
-85.75547499999999,38.254513
-2.2987502,38.1477676
-73.087749,41.6032207
3.4219444,6.4280556
120.5852756,15.9060728
-6.253977700000001,53.4923939
-93.24271999999999,44.6496868
-3.1620578,37.0924307
-84.33575259999999,46.5136494
-79.8774042,43.5182991
-88.9231464,38.308812
-70.8967155,42.51954
-38.5016301,-12.977749
-91.5526281,34.5003748
-2.50872,52.190713
146.0455313,-34.2800883
-72.4598398,40.8982197
145.413175,-38.065571
100.4915171,7.029346899999999
-85.3966703,42.3875389
175.279253,-37.7870012
11.6212533,48.0689177
133.8807471,-23.698042
-79.381388,43.6460303
-79.2508558,42.88652039999999
-84.4465826,31.7735001
149.833889,-29.465833
-80.13731740000001,26.1224386
-98.23210549999999,44.3632855
30.907304,3.0303299
-158.0593425,21.6542666
-6.4556713,32.2762871
77.6285537,10.2786966
-70.6672621,41.9584457
-80.2708281,44.1000003
21.1298218,45.5097797
-79.87619699999999,42.9276849
5.471422,52.51853699999999
-118.0528456,34.1616729
36.6431267,-1.1069305
79.7399875,15.9128998
-2.893075,53.193392
-60.697294,-31.6106578
-8.6267343,52.6638367
-122.5165927,37.9682163
-123.3767223,48.4592626
5.1663871,52.2737893
-123.4127519,58.8231929
-122.890633,38.27670500000001
-76.6877186,45.4749199
91.98020129999999,26.1172425
-97.9294747,38.0760553
-113.8719638,50.5765993
-93.2559432,44.9781059
-113.4154678,53.3524621
-80.7848155,43.1504977
-81.60958049999999,41.51111969999999
-84.20235149999999,39.3384918
-122.1564442,47.8535061
132.7546943,35.3670442
-80.7014662,41.153946500000004
2.4177834,41.99526669999999
-118.1503488,34.1161196
6.7734556,51.2277411
-72.32223309999999,-35.967628499999996
-80.944333,43.5298684
21.2086793,45.7488716
-4.7277528,37.5442706
6.070988,46.2283204
-82.10606829999999,42.84447919999999
-83.424813,39.937601
-82.8373654,34.6834382
-88.4334301,42.5916836
-102.4739331,51.2174482
34.8431006,0.9416506
-93.353098,44.8567279
-95.712891,37.09024
-98.1633432,26.3017374
-117.6981014,33.4672256
-6.9683082,54.2492434
11.7068294,4.6298411
-101.1949825,19.7059504
18.860152,-33.9321045
127.7865791,36.815669
143.5854622,-38.3410186
-114.0973312,52.3065443
-122.2892278,37.8395028
-73.9780523,40.7511138
-99.0816784,40.69933030000001
-87.669516,39.954119
-0.6301949,54.034857
1.009998,52.9156509
-81.9773482,36.70983349999999
-95.712891,37.09024
-0.707741,51.558437
-108.2186856,36.72805830000001
-97.132959,50.173826
-97.56635899999999,38.768422
-64.5208798,44.3721167
178.065032,-17.713371
-122.9392109,45.514913
-81.21917859999999,42.9893051
-121.988583,37.5485396
-80.24071219999999,43.51570590000001
-73.90631139999999,40.747832
-92.340514,34.730935
-90.5845822,41.65808639999999
-6.007003999999999,54.0631154
4.8043998,52.7880912
140.0001618,36.0003317
-7.3633319,53.9897186
-119.223164,34.1580605
-118.468857,34.0270652
151.4915632,-30.64148179999999
-117.0230839,32.7678287
-74.18403219999999,40.3451095
147.3598323,-35.1081689
-80.085059,42.12922409999999
-78.880315,43.0203347
0.928698,46.746317
26.7290383,58.37798299999999
12.2858206,58.28348939999999
-84.23268759999999,32.0723861
NA,NA
2.213749,46.227638
-122.5210007,47.62487910000001
-90.3228941,38.5083865
-90.406785,38.5833862
-92.340514,34.730935
0.5705251,51.6228925
-90.1301237,42.96027429999999
-76.2385639,38.9687239
-82.495373,28.0169633
37.7544859,-1.3075504
-73.22395159999999,44.315853
-98.7648073,38.3644567
-96.3128117,43.9985815
-114.4922354,51.544677
0.04991139999999999,51.5333972
75.34121789999999,31.1471305
-73.67179689999999,40.6548253
-1.2879529,51.67078
114.1236812,-21.9313388
-93.161604,44.4582983
4.9106972,52.3932785
28.4318311,-27.8009575
